date,game,match_type,my_duration,rp_earned,premade_squad,squad_placed,teamate_count,my_legend,teamate_1_legend,teamate_2_legend,my_damage,teamate_1_damage,teamate_2_damage,my_kills,teamate_1_kills,teamate_2_kills,meta_score,team_damage,team_kills,counter
11/03/2022,15,ranked,699,174,no,4,2,Ashe,Vantage,Bloodhound,1340,1098,1078,5,4,1,1,3516,10,1
11/06/2022,26,casual,907,0,no,1,2,Catalyst,Vantage,Loba,1441,1020,657,7,2,3,0,3118,12,2
11/06/2022,27,ranked,1333,152,no,3,2,Catalyst,Horizon,Seer,1098,733,718,2,2,3,2,2549,7,3
11/06/2022,31,ranked,665,37,no,6,2,Catalyst,Seer,Wraith,301,712,160,0,2,1,2,1173,3,4
11/06/2022,33,ranked,199,-25,no,14,2,Catalyst,Vantage,Bangalore,304,245,230,1,1,1,0,779,3,5
11/06/2022,34,ranked,141,-27,no,15,2,Bangalore,Wraith,Catalyst,170,265,156,0,1,0,1,591,1,6
11/06/2022,36,ranked,437,-27,no,14,2,Catalyst,Vantage,Wraith,60,314,237,0,1,0,1,611,1,7
11/06/2022,37,ranked,766,17,no,5,2,Catalyst,Caustic,Gibraltar,357,192,501,0,0,0,1,1050,0,8
11/06/2022,38,ranked,917,162,no,3,2,Pathfinder,Octane,Catalyst,761,486,497,2,1,4,0,1744,7,9
11/07/2022,39,casual ,205,0,no,13,2,Seer,Catalyst,Fuse,311,212,316,1,2,0,1,839,3,10
11/07/2022,42,casual ,58,0,no,19,2,Horizon,Caustic,Fuse,60,0,0,0,0,0,1,60,0,11
11/07/2022,43,casual ,235,0,no,11,2,Catalyst,Pathfinder,Horizon,192,150,0,0,1,0,1,342,1,12
11/07/2022,45,ranked,1043,216,yes,4,2,Horizon,Seer,Bloodhound,1365,1042,969,4,4,3,3,3376,11,13
11/07/2022,46,casual,228,0,no,10,2,Horizon,Bangalore,Lifeline,358,669,409,3,1,2,1,1436,6,14
11/07/2022,47,ranked,85,-31,no,19,2,Horizon,Vantage,Seer,132,90,123,0,0,0,2,345,0,15
11/07/2022,48,ranked,492,30,no,5,2,Pathfinder,Bloodhound,Horizon,112,49,329,0,0,1,2,490,1,16
11/07/2022,49,ranked,232,-30,no,14,2,Pathfinder,Horizon,Ashe,208,145,190,1,0,0,1,543,1,17
11/07/2022,51,ranked,701,21,no,7,2,Horizon,Newcastle,Seer,396,485,347,1,2,1,3,1228,4,18
11/07/2022,52,ranked,1212,236,yes,2,2,Horizon,Catalyst,Seer,1357,614,1043,6,1,1,2,3014,8,19
11/07/2022,53,ranked,498,-21,yes,10,2,Horizon,Wattson,Seer,563,46,283,0,0,0,2,892,0,20
11/07/2022,56,casual,598,0,yes,4,1,Horizon,Lifeline,Bloodhound,91,116,417,1,0,0,2,624,1,21
11/08/2022,57,casual,155,0,no,12,2,Loba,Horizon,Revenant,227,271,0,1,0,0,0,498,1,22
11/08/2022,58,casual,985,0,no,3,2,Catalyst,Wraith,Pathfinder,1268,1100,36,3,4,0,1,2404,7,23
11/08/2022,60,casual,146,0,no,15,2,Maggie,Pathfinder,Catalyst,288,233,232,0,0,0,0,753,0,24
11/09/2022,65,casual ,584,0,no,5,2,Newcastle,Wraith,Bloodhound,944,656,861,1,2,5,3,2461,8,25
11/09/2022,66,casual,98,0,no,17,2,Catalyst,Horizon,Octane,101,0,63,0,0,0,1,164,0,26
11/09/2022,67,casual,413,0,no,10,2,Vantage,Loba,Fuse,247,122,0,0,0,0,0,369,0,27
11/09/2022,68,casual,1019,0,no,2,2,Catalyst,Pathfinder,Caustic,1907,763,1198,4,2,5,0,3868,11,28
11/09/2022,69,casual,319,0,no,14,2,Catalyst,Seer,Valkyrie,505,228,426,1,0,0,2,1159,1,29
11/09/2022,70,casual,551,0,no,7,2,Pathfinder,Fuse,Mirage,516,523,329,2,2,1,-1,1368,5,30
11/09/2022,71,ranked,735,-30,no,6,2,Vantage,Gibraltar,Horizon,949,617,533,3,0,0,2,2099,3,31
11/09/2022,73,ranked,585,41,no,8,2,Vantage,Wraith,Octane,390,409,1050,0,3,3,1,1849,6,32
11/09/2022,75,ranked,626,49,no,8,2,Vantage,Valkyrie,Fuse,499,316,331,0,1,0,1,1146,1,33
11/09/2022,78,ranked,1312,306,no,1,2,Catalyst,Vantage,Seer,592,1209,1365,2,3,4,1,3166,9,34
11/09/2022,79,ranked,870,162,yes,5,2,Catalyst,Vantage,Seer,507,417,978,0,2,3,1,1902,5,35
11/09/2022,80,ranked,119,-34,yes,19,2,Pathfinder,Vantage,Seer,11,26,338,0,0,0,1,375,0,36
11/09/2022,82,ranked,894,51,no,5,2,Pathfinder,Catalyst,Bloodhound,782,958,385,1,3,0,1,2125,4,37
11/09/2022,83,ranked,589,-14,no,7,2,Vantage,Octane,Bloodhound,109,213,428,0,0,3,1,750,3,38
11/09/2022,84,ranked,151,-32,no,14,2,Vantage,Crypto,Wraith,416,75,148,1,0,1,1,639,2,39
11/10/2022,85,ranked,1078,103,no,1,2,Vantage,Revenant,Catalyst,269,195,60,0,1,0,-1,524,1,40
11/10/2022,86,ranked,138,-34,no,17,2,Vantage,Gibraltar,Bloodhound,184,195,50,0,0,0,2,429,0,41
11/10/2022,87,ranked,255,-34,no,15,2,Vantage,Fuse,Ashe,161,175,0,0,0,0,0,336,0,42
11/10/2022,88,ranked,114,-34,no,18,2,Vantage,Bangalore,Maggie,18,95,141,0,0,0,0,254,0,43
11/11/2022,90,casual,712,0,no,3,2,Revenant,Octane,Fuse,1234,1899,540,5,7,2,-1,3673,14,44
11/11/2022,91,casual,90,0,no,14,2,Revenant,Vantage,Lifeline,57,248,323,0,2,1,-1,628,3,45
11/11/2022,92,casual,737,0,no,4,2,Crypto,Octane,Bloodhound,472,102,0,0,0,0,1,574,0,46
11/11/2022,93,ranked,1197,303,no,1,2,Crypto,Revenant,Catalyst,1133,1282,1673,2,3,6,-1,4088,11,47
11/11/2022,94,ranked,583,22,no,8,2,Crypto,Pathfinder,Catalyst,334,52,145,0,1,2,0,531,3,48
11/11/2022,95,ranked,191,-33,no,16,2,Crypto,Catalyst,Mirage,202,150,68,0,1,0,-1,420,1,49
11/11/2022,96,ranked,580,36,no,10,2,Crypto,Revenant,Catalyst,532,648,235,3,3,0,-1,1415,6,50
11/11/2022,97,ranked,964,156,no,3,2,Crypto,Newcastle,Bloodhound,1123,1008,1847,1,2,4,2,3978,7,51
11/11/2022,98,ranked,187,-33,no,15,2,Crypto,Pathfinder,Maggie,188,194,63,0,0,1,0,445,1,52
11/11/2022,99,ranked,100,-33,no,14,2,Loba,Crypto,Caustic,343,446,208,1,0,0,0,997,1,53
11/11/2022,100,ranked,66,-34,no,19,2,Crypto,Revenant,Loba,146,120,0,0,0,0,-1,266,0,54
11/11/2022,101,ranked,866,46,no,7,2,Crypto,Catalyst,Wattson,1219,822,1181,4,0,1,0,3222,5,55
11/11/2022,104,ranked,524,-4,no,10,2,Crypto,Catalyst,Vantage,361,318,342,0,0,2,0,1021,2,56
11/11/2022,105,ranked,459,40,no,8,2,Crypto,Fuse,Catalyst,167,731,751,0,2,4,0,1649,6,57
11/11/2022,106,ranked,292,-32,no,11,2,Ashe,Wraith,Lifeline,75,223,139,0,0,0,1,437,0,58
11/11/2022,109,ranked,1086,63,no,6,2,Ashe,Vantage,Rampart,1213,652,671,1,3,3,0,2536,7,59
11/11/2022,110,ranked,334,-35,no,14,2,Ashe,Octane,Rampart,378,199,185,0,1,1,0,762,2,60
11/11/2022,111,ranked,1125,127,no,2,2,Vantage,Caustic,Seer,878,290,168,1,1,1,1,1336,3,61
11/12/2022,112,ranked,461,-12,no,9,2,Vantage,Crypto,Bangalore,0,295,809,0,1,2,0,1104,3,62
11/12/2022,113,ranked,209,-27,no,11,2,Vantage,Seer,Catalyst,175,71,317,1,0,0,1,563,1,63
11/12/2022,114,ranked,738,91,no,6,2,Crypto,Bloodhound,Mirage,1368,796,508,4,2,2,0,2672,8,64
11/13/2022,115,casual,466,0,no,10,2,Fuse,Octane,Ashe,697,0,211,1,0,0,0,908,1,65
11/13/2022,116,casual,1179,0,no,1,2,Fuse,Ashe,Vantage,1469,853,1173,5,2,4,0,3495,11,66
11/13/2022,117,casual,532,0,no,3,2,Ashe,Pathfinder,Horizon,588,1264,1410,3,6,6,1,3262,15,67
11/13/2022,119,casual,91,0,no,18,2,Ashe,Maggie,Bangalore,248,37,150,1,0,1,0,435,2,68
11/13/2022,120,ranked,786,28,no,6,2,Ashe,Pathfinder,Bloodhound,598,970,468,2,1,0,1,2036,3,69
11/13/2022,121,ranked,462,-32,no,10,2,Ashe,Wraith,Octane,164,731,422,0,0,0,1,1317,0,70
11/13/2022,123,ranked,150,-37,no,15,2,Vantage,Pathfinder,Crypto,50,636,219,0,0,0,0,905,0,71
11/13/2022,124,ranked,939,70,no,3,2,Vantage,Catalyst,Mirage,231,448,683,1,2,0,-1,1362,3,72
11/14/2022,125,ranked,478,-37,no,17,2,Vantage,Mirage,Octane,305,24,210,0,0,0,-1,539,0,73
11/14/2022,126,ranked,259,-32,no,12,2,Vantage,Seer,Caustic,494,167,453,1,1,1,1,1114,3,74
11/14/2022,127,ranked,99,-37,no,14,2,Vantage,Crypto,Horizon,241,0,259,1,0,0,1,500,1,75
11/14/2022,128,ranked,1037,138,no,2,2,Vantage,Bloodhound,Lifeline,441,1388,167,1,3,1,1,1996,5,76
11/14/2022,130,ranked,1216,236,yes,1,2,Vantage,Lifeline,Mirage,775,737,655,2,4,2,-1,2167,8,77
11/14/2022,133,ranked,128,-36,no,16,2,Cantage,Bloodhound,Lifeline,60,302,124,0,1,1,1,486,2,78
11/14/2022,136,ranked,242,-37,no,17,2,Fuse,Vantage,Mirage,0,33,144,0,0,0,-1,177,0,79
11/14/2022,137,casual,363,0,yes,13,2,Bangalore,Seer,Caustic,370,193,32,0,0,0,1,595,0,80
11/14/2022,139,casual,84,0,yes,15,2,Pathfinder,Fuse,Caustic,54,242,0,0,0,0,0,296,0,81
11/14/2022,140,casual,273,0,yes,11,2,Pathfinder,Vantage,Bloodhound,366,93,472,0,0,4,1,931,4,82
11/14/2022,142,casual,258,0,yes,9,2,Pathfinder,Ashe,Vantage,639,386,32,3,1,1,0,1057,5,83
11/14/2022,143,casual,389,0,yes,8,2,Maggie,Bangalore,Bloodhound,186,316,775,1,1,2,1,1277,4,84
11/14/2022,144,casual,441,0,yes,6,2,Maggie,Seer,Bangalore,290,894,218,2,4,0,1,1402,6,85
11/14/2022,145,casual,94,0,yes,18,2,Maggie,Bangalore,Crypto,90,25,341,0,0,0,0,456,0,86
11/14/2022,146,ranked,87,-37,no,17,2,Vantage,Bloodhound,Horizon,55,39,820,0,0,3,2,914,3,87
11/14/2022,148,ranked,1170,134,no,4,2,Vantage,Bloodhound,Pathfinder,1459,396,1418,4,0,4,1,3273,8,88
11/14/2022,151,ranked,562,25,yes,10,2,Vantage,Seer,Ashe,596,704,343,4,2,0,1,1643,6,89
11/15/2022,153,ranked,1225,275,no,1,2,Pathfinder,Catalyst,Lifeline,1705,539,994,6,2,1,0,3238,9,90
11/15/2022,154,ranked,422,-32,no,13,2,Crypto,Ashe,Seer,165,341,172,0,0,0,1,678,0,91
11/15/2022,155,ranked,226,-20,no,13,2,Pathfinder,Ashe,Wraith,128,99,154,0,0,0,1,381,0,92
11/15/2022,156,ranked,577,25,no,9,2,Pathfinder,Vantage,Wraith,592,724,320,3,2,1,1,1636,6,93
11/15/2022,157,ranked,918,-13,no,7,2,Pathfinder,Lifeline,Mirage,164,1494,575,0,1,0,-1,2233,1,94
11/15/2022,158,ranked,316,-36,no,15,2,Vantage,Fuse,Bloodhound,548,314,180,1,0,0,1,1042,1,95
11/15/2022,162,ranked,168,-37,no,18,2,Vantage,Valkyrie,Apex,148,42,299,0,0,0,1,489,0,96
11/15/2022,163,ranked,1225,161,no,2,2,Vantage,Loba,Wraith,1501,1091,1335,2,2,4,1,3927,8,97
11/15/2022,164,ranked,903,64,no,5,2,Vantage,Horizon,Ashe,653,771,608,0,3,1,1,2032,4,98
11/15/2022,165,ranked,1316,308,no,2,2,Vantage,Maggie,Lifeline,2002,2142,1644,4,5,5,0,5788,14,99
12/1/2022,190,ranked,266,-43,no,16,2,Vantage,Bangalore,Bloodhound,225,139,197,0,0,0,1,561,0,100
12/1/2022,191,ranked,155,-39,no,16,2,Vantage,Revenant,Seer,130,546,150,0,3,1,0,826,4,101
12/1/2022,192,ranked,1097,57,no,4,2,Catalyst,Fuse,Vantage,990,962,892,0,3,2,0,2844,5,102
12/1/2022,193,ranked,631,-31,no,12,2,Vantage,Bangalore,Caustic,393,383,236,1,0,0,0,1012,1,103
12/2/2022,195,ranked,313,-28,no,13,2,Vantage,Bangalore,Revenant,298,38,580,0,1,2,-1,916,3,104
12/2/2022,196,ranked,724,-33,no,9,2,Vantage,Valkyrie,Horizon,313,190,172,0,0,0,2,675,0,105
12/2/2022,197,ranked,168,-43,no,20,2,Vantage,Bangalore,Horizon,177,114,268,0,0,0,1,559,0,106
12/2/2022,198,ranked,108,-43,no,19,2,Vantage,Ashe,Octane,0,102,184,0,0,0,0,286,0,107
12/2/2022,199,ranked,407,-38,no,12,2,Vantage,Wraith,Fuse,204,163,315,0,0,0,1,682,0,108
12/2/2022,200,ranked,998,-1,no,10,2,Crypto,Bangalore,Pathfinder,840,782,765,1,0,3,0,2387,4,109
12/2/2022,201,ranked,222,-43,no,16,2,Crypto,Lifeline,Ashe,98,14,66,0,0,0,0,178,0,110
12/2/2022,202,ranked,260,-43,no,14,2,Crypto,Valkyrie,Bangalore,14,349,30,0,0,0,1,393,0,111
12/2/2022,203,ranked,1276,219,no,1,2,Crypto,Valkyrie,Octane,1117,1339,437,3,3,0,1,2893,6,112
12/2/2022,204,ranked,171,-43,no,14,2,Crypto,Vantage,Wraith,355,161,44,0,0,0,1,560,0,113
12/2/2022,205,ranked,891,1,no,9,2,Crypto,Bangalore,Ashe,333,303,607,2,0,0,0,1243,2,114
12/2/2022,208,ranked,119,-43,no,18,2,Crypto,Bloodhound,Horizon,75,338,106,0,1,0,2,519,1,115
12/2/2022,209,ranked,122,-42,no,20,2,Pathfinder,Bangalore,Catalyst,261,142,18,1,0,0,0,421,1,116
12/6/2022,212,ranked,655,-13,no,10,2,Crypto,Bangalore,Mirage,513,521,0,1,1,0,-1,1034,2,117
12/6/2022,213,ranked,854,81,no,8,2,Crypto,Newcastle,Seer,571,760,716,3,4,2,2,2047,9,118
12/6/2022,214,ranked,300,-43,no,16,2,Crypto,Gibby,Valkyrie,174,0,103,0,0,0,1,277,0,119
12/6/2022,215,ranked,189,-43,no,19,2,Crypto,Ashe,Horizon,75,214,264,0,0,0,1,553,0,120
12/6/2022,216,ranked,1057,48,no,4,2,Crypto,Pathfinder,Wraith,520,779,1114,0,1,2,1,2413,3,121
12/6/2022,217,ranked,1173,22,no,5,2,Vantage,Fuse,Caustic,507,92,410,0,2,0,0,1009,2,122
12/6/2022,218,ranked,675,87,no,3,2,Vantage,Catalyst,Seer,277,1698,1023,0,2,4,1,2998,6,123
12/6/2022,220,ranked,1253,138,no,2,2,Ashe,Wattson,Vantage,635,335,376,3,1,0,0,1346,4,124
12/6/2022,221,ranked,355,-38,no,13,2,Ashe,Vantage,Lifeline,130,148,144,0,0,0,0,422,0,125
12/6/2022,222,ranked,179,-42,no,18,2,Ashe,Wraith,Vantage,64,695,22,0,1,0,1,781,1,126
12/6/2022,223,ranked,551,-30,no,12,2,Ashe,Loba,Bangalore,208,287,578,1,0,1,0,1073,2,127
12/6/2022,224,ranked,206,-38,no,13,2,Ashe,Bangalore,Octane,215,99,146,0,0,0,0,460,0,128
12/6/2022,226,ranked,402,-26,no,11,2,Valkyrie,Wraith,Maggie,363,485,318,1,2,0,2,1166,3,129
12/7/2022,228,ranked,1285,287,no,3,2,Crypto,Bangalore,Octane,1109,1660,1127,3,0,5,0,3896,8,130
12/7/2022,229,ranked,646,-36,no,10,2,Crypto,Caustic,Bangalore,0,212,190,0,0,0,0,402,0,131
12/7/2022,230,ranked,971,63,no,5,2,Crypto,Horizon,Octane,1071,659,797,1,2,1,1,2527,4,132
12/7/2022,232,ranked,1203,334,no,2,2,Crypto,Maggie,Bangalore,2426,1569,1217,6,8,2,0,5212,16,133
12/7/2022,233,ranked,970,134,no,3,2,Crypto,Bloodhound,Bangalore,608,993,748,3,3,0,1,2349,6,134
12/7/2022,234,ranked,474,-36,no,12,2,Crypto,Pathfinder,Mirage,30,631,223,0,1,1,-1,884,2,135
12/7/2022,236,ranked,422,-41,no,13,2,Pathfinder,Horizon,Seer,287,415,532,0,0,0,2,1234,0,136
12/7/2022,237,ranked,46,-46,no,20,2,Pathfinder,Gibby,Lifeline,110,0,40,0,0,0,0,150,0,137
12/7/2022,239,ranked,203,-46,no,14,2,Pathfinder,Catalyst,Newcastle,114,0,398,0,0,1,1,512,1,138
12/7/2022,240,ranked,84,-46,no,18,2,Crypto,Fuse,Pathfinder,118,126,245,0,0,0,0,489,0,139
12/7/2022,241,ranked,434,-26,no,11,2,Crypto,Loba,Catalyst,440,131,407,1,1,1,0,978,3,140
12/7/2022,242,ranked,1148,254,no,1,2,Crypto,Horizon,Gibraltar,600,1911,1742,0,8,4,2,4253,12,141
12/8/2022,244,ranked,294,-49,no,14,2,Vantage,Horizon,Bangalore,0,167,269,0,0,0,1,436,0,142
12/8/2022,245,ranked,196,-49,no,16,2,Crypto,Horizon,Vantage,410,36,206,0,0,0,1,652,0,143
12/8/2022,246,ranked,1175,204,no,1,2,Crypto,Bangalore,Pathfinder,540,1026,807,1,3,2,0,2373,6,144
12/8/2022,247,ranked,970,-26,no,7,2,Crypto,Bangalore,Horizon,150,539,25,0,0,0,1,714,0,145
12/8/2022,248,ranked,139,-48,no,17,2,Crypto,Valkyrie,Bangalore,94,293,162,0,2,0,1,549,2,146
12/8/2022,249,ranked,985,-29,no,8,2,Crypto,Mirage,Loba,127,0,74,0,0,0,-1,201,0,147
12/8/2022,250,ranked,317,-49,no,17,2,Crypto,Octane,Caustic,345,49,140,0,0,0,0,534,0,148
12/8/2022,251,ranked,250,-49,no,15,2,Vantage,Bloodhound,Caustic,256,287,188,0,1,0,1,731,1,149
12/8/2022,252,ranked,415,-46,no,14,2,Vantage,Pathfinder,Seer,230,692,250,0,1,1,1,1172,2,150
12/8/2022,253,ranked,295,-46,no,15,2,Crypto,Vantage,Gibraltar,200,465,140,0,0,0,1,805,0,151
12/8/2022,254,ranked,1286,241,no,1,2,Crypto,Catalyst,Bangalore,1124,555,1084,3,4,1,0,2763,8,152
12/8/2022,255,ranked,1039,218,no,1,2,Crypto,Rampart,Bloodhound,749,448,657,2,2,3,1,1854,7,153
12/8/2022,257,ranked,1077,91,no,3,2,Vantage,Rampart,Revenant,1022,706,719,0,1,4,-1,2447,5,154
12/8/2022,258,ranked,1216,90,no,4,2,Vantage,Pathfinder,Rampart,1535,1522,1460,2,5,0,0,4517,7,155
12/8/2022,259,ranked,366,-29,no,13,2,Vantage,Revenant,Seer,354,495,610,0,3,2,0,1459,5,156
12/8/2022,260,ranked,845,-29,no,10,2,Vantage,Loba,Horizon,514,550,1450,0,0,1,1,2514,1,157
12/8/2022,261,ranked,275,-47,no,15,2,Vantage,Pathfinder,Rampart,150,368,139,1,1,0,0,657,2,158
12/8/2022,262,ranked,576,-5,no,7,2,Crypto,Ashe,Pathfinder,573,457,317,1,1,1,0,1347,3,159
12/8/2022,263,ranked,156,-49,no,18,2,Crypto,Vantage,Bloodhound,143,132,237,0,0,0,1,512,0,160
12/8/2022,264,ranked,235,-49,no,15,2,Crypto,Octane,Revenant,37,98,312,0,0,0,-1,447,0,161
12/8/2022,265,ranked,481,-44,no,11,2,Vantage,Bangalore,Lifeline,353,175,276,0,0,0,0,804,0,162
12/8/2022,266,ranked,442,-39,no,10,2,Vantage,Gibraltar,Bangalore,197,149,89,0,0,0,1,435,0,163
12/9/2022,267,ranked,201,-46,no,16,2,Vantage,Fuse,Wattson,317,302,552,0,1,2,0,1171,3,164
12/9/2022,269,ranked,127,-49,no,18,2,Vantage,Lifeline,Loba,8,150,0,0,0,0,0,158,0,165
12/9/2022,271,ranked,828,-11,yes,7,2,Vantage,Horizon,Pathfinder,1303,304,199,0,5,0,1,1806,5,166
12/9/2022,272,ranked,994,263,yes,1,2,Crypto,Pathfinder,Horizon,860,1107,1784,1,1,9,1,3751,11,167
12/9/2022,273,ranked,802,-39,yes,11,2,Crypto,Horizon,Pathfinder,107,32,170,0,1,0,1,309,1,168
12/9/2022,275,ranked,1043,44,no,6,2,Crypto,Horizon,Caustic,1317,951,955,3,0,2,1,3223,5,169
12/9/2022,276,ranked,97,-49,no,19,2,Crypto,Pathfinder,Mirage,135,79,334,0,0,1,-1,548,1,170
12/9/2022,278,ranked,187,-49,no,15,2,Wattson,Vantage,Catalyst,133,214,407,0,0,0,0,754,0,171
12/9/2022,279,ranked,906,-29,no,8,2,Wattson,Loba,Caustic,536,548,211,0,0,0,0,1295,0,172
12/9/2022,280,ranked,1222,91,no,3,2,Vantage,Catalyst,Revenant,882,672,1472,2,1,2,-1,3026,5,173
1/11/2023,399,ranked,1188,133,no,3,2,Vantage,Lifeline,Loba,1262,1080,1269,2,1,4,0,3611,7,174
1/11/2023,400,ranked,144,-52,no,18,2,Vantage,Wraith,Lifeline,229,175,0,0,0,0,1,404,0,175
1/11/2023,401,ranked,356,-47,no,12,2,Vantage,Newcastle,Maggie,50,279,111,0,0,0,1,440,0,176
1/11/2023,402,ranked,117,-52,no,19,2,Vantage,Loba,Pathfinder,129,276,50,0,0,0,0,455,0,177
1/11/2023,404,ranked,351,-47,no,11,2,Vantage,Octane,Valkyrie,78,625,145,0,0,0,1,848,0,178
1/12/2023,405,ranked,886,22,no,8,2,Vantage,Octane,Maggie,943,355,971,2,0,2,0,2269,4,179
1/12/2023,407,ranked,1035,41,no,5,2,Vantage,Horizon,Octane,535,186,426,2,0,1,1,1147,3,180
1/12/2023,411,ranked,166,-52,no,16,2,Maggie,Bloodhound,Gibraltar,116,137,128,0,0,0,2,381,0,181
1/12/2023,412,ranked,149,-52,no,18,2,Maggie,Horizon,Wraith,144,205,263,0,0,0,2,612,0,182
1/12/2023,413,ranked,541,-22,no,9,2,Maggie,Valkyrie,Mirage,438,355,359,2,0,0,0,1152,2,183
1/12/2023,414,ranked,1104,21,no,4,2,Maggie,Vantage,Seer,392,558,363,0,1,1,1,1313,2,184
1/12/2023,417,ranked,197,-52,yes,16,2,Maggie,Seer,Horizon,221,17,84,0,0,0,2,322,0,185
1/12/2023,419,ranked,495,-52,yes,13,2,Crypto,Ashe,Wraith,111,222,88,0,0,0,1,421,0,186
1/12/2023,420,ranked,202,-52,yes,14,2,Crypto,Wraith,Ashe,145,145,183,0,0,0,1,473,0,187
1/12/2023,421,ranked,909,66,yes,2,2,Crypto,Ashe,Wraith,257,354,1347,0,0,2,1,1958,2,188
1/12/2023,424,ranked,382,-52,no,14,2,Vantage,Lifeline,Valkyrie,150,155,60,0,0,0,1,365,0,189
1/12/2023,426,ranked,316,-52,no,15,2,Vantage,Lifeline,Loba,195,262,62,0,0,0,0,519,0,190
1/12/2023,428,ranked,1294,225,no,1,2,Vantage,Revenant,Mirage,912,1715,2213,2,3,4,-2,4840,9,191
1/12/2023,430,ranked,906,-42,no,10,2,Vantage,Bloodhound,Horizon,692,446,109,0,0,0,2,1247,0,192
1/12/2023,431,ranked,1294,100,no,2,2,Vantage,Lifeline,Maggie,627,608,952,0,2,2,0,2187,4,193
1/12/2023,432,ranked,1148,204,no,2,2,Pathfinder,Vantage,Rampart,939,2069,537,2,4,3,0,3545,9,194
1/13/2023,435,ranked,1029,120,no,4,2,Vantage,Wattson,Bloodhound,1147,99,627,6,0,1,1,1873,7,195
1/13/2023,436,ranked,943,-35,no,7,2,Vantage,Pathfinder,Seer,183,219,381,0,0,0,1,783,0,196
1/13/2023,437,ranked,1207,245,no,1,2,Vantage,Caustic,Vantage,961,1532,1343,4,2,3,0,3836,9,197
1/13/2023,439,ranked,422,-45,no,11,2,Revenant,Octane,Seer,668,367,199,1,0,0,0,1234,1,198
1/13/2023,440,ranked,107,-55,no,17,2,Gibraltar,Lifeline,Wattson,114,36,165,0,0,0,1,315,0,199
1/13/2023,441,ranked,1349,65,no,3,2,Vantage,Lifeline,Bloodhound,1240,708,1303,1,1,2,1,3251,4,200
1/13/2023,443,ranked,959,-5,no,9,2,Vantage,Wraith,Valkyrie,876,701,1306,1,1,3,2,2883,5,201
1/13/2023,445,ranked,931,54,no,5,2,Vantage,Bangalore,Wraith,831,878,724,2,3,1,1,2433,6,202
1/13/2023,446,ranked,217,-54,no,14,2,Wraith,Crypto,Seer,320,0,0,1,0,0,2,320,1,203
1/13/2023,447,ranked,759,-35,no,7,2,Vantage,Gibraltar,Loba,504,38,96,0,0,0,1,638,0,204
1/13/2023,448,ranked,1282,270,no,1,2,Vantage,Pathfinder,Lifeline,1016,561,1483,6,1,3,0,3060,10,205
1/13/2023,449,ranked,275,-48,no,13,2,Vantage,Catalyst,Loba,257,477,285,0,1,0,0,1019,1,206
1/13/2023,451,ranked,248,-55,no,18,2,Crypto,Seer,Pathfinder,216,64,235,0,0,0,1,515,0,207
1/13/2023,452,ranked,1145,36,no,4,2,Crypto,Vantage,Gibraltar,328,604,1012,0,1,1,1,1944,2,208
1/13/2023,457,ranked,178,-55,no,16,2,Maggie,Bloodhound,Bangalore,170,134,171,0,0,0,1,475,0,209
1/13/2023,458,ranked,850,52,no,6,2,Maggie,Octane,Vantage,835,886,1287,1,6,1,0,3008,8,210
1/13/2023,461,ranked,884,22,no,5,2,Maggie,Octane,Mirage,384,1285,308,0,3,0,-1,1977,3,211
1/13/2023,463,ranked,443,-38,no,12,2,Maggie,Horizon,Seer,278,150,406,1,1,1,2,834,3,212
1/13/2023,465,ranked,127,-55,no,20,2,Maggie,Bloodhound,Valkyrie,278,0,233,0,0,0,2,511,0,213
1/13/2023,466,ranked,777,58,no,3,2,Maggie,Horizon,Bloodhound,638,556,1192,0,2,4,2,2386,6,214
1/13/2023,467,ranked,668,-45,no,9,2,Vantage,Gibraltar,Bangalore,585,120,598,0,0,0,1,1303,0,215
1/13/2023,469,ranked,1180,66,no,2,2,Vantage,Bangalore,Gibraltar,736,609,161,1,0,0,1,1506,1,216
1/13/2023,470,ranked,580,-55,no,11,2,Vantage,Bloodhound,Mirage,0,269,36,0,1,0,0,305,1,217
1/13/2023,472,ranked,873,20,no,6,2,Maggie,Bangalore,Valkyrie,278,720,207,1,2,1,1,1205,4,218
1/14/2023,478,ranked,699,118,no,3,2,Vantage,Octane,Wraith,453,1110,1428,2,3,5,1,2991,10,219
1/14/2023,479,ranked,262,-37,no,11,2,Vantage,Revenant,Bangalore,386,307,396,0,3,1,-1,1089,4,220
1/14/2023,481,ranked,228,-51,no,15,2,Vantage,Horizon,Bloodhound,148,340,111,0,1,0,2,599,1,221
1/14/2023,482,ranked,740,-20,no,7,2,Vantage,Mirage,Octane,488,332,133,1,0,0,-1,953,1,222
1/14/2023,484,ranked,1197,373,no,1,2,Vantage,Pathfinder,Lifeline,1456,2180,2018,5,5,5,0,5654,15,223
1/15/2023,485,ranked,1059,-10,no,9,2,Vantage,Bangalore,Bloodhound,737,1751,1065,1,4,2,1,3553,7,224
1/15/2023,486,ranked,386,-55,no,14,2,Vantage,Gibraltar,Wraith,172,163,250,0,0,0,2,585,0,225
1/15/2023,488,ranked,1179,224,no,2,2,Vantage,Valkyrie,Octane,1155,1504,1232,3,3,4,1,3891,10,226
1/15/2023,491,ranked,113,-55,no,17,2,Vantage,Horizon,Seer,0,0,253,0,0,0,2,253,0,227
1/15/2023,492,ranked,444,-38,no,11,2,Vantage,Bangalore,Octane,429,36,609,1,0,2,0,1074,3,228
1/15/2023,495,ranked,958,28,no,3,2,Vantage,Bangalore,Rampart,489,632,589,0,0,1,0,1710,1,229
1/15/2023,496,ranked,1300,112,no,2,2,Vantage,Pathfinder,Bloodhound,1258,857,2022,1,0,3,1,4137,4,230
1/15/2023,497,ranked,1022,125,no,3,2,Maggie,Crypto,Ashe,1021,362,657,3,0,4,0,2040,7,231
1/15/2023,498,ranked,81,-55,no,18,2,Maggie,Horizon,Octane,61,61,45,0,0,0,1,167,0,232
1/15/2023,499,ranked,1187,55,no,3,2,Maggie,Bloodhound,Wraith,416,911,893,1,0,2,2,2220,3,233
